INSERT INTO department (id, dept_name)
VALUES
  (1, 'Office'),
  (2, 'General Practice'),
  (3, 'Radiology');

INSERT INTO emp_role (title, salary, department_id, id)
VALUES
  ('Doctor', '150000', 1, 1),
  ('Nurse', '70000', 1, 2),
  ('Shift Supervisor', '200000', 1, 3),
  ('LPN', '40000', 2, 4),
  ('Radiologist', '180000', 2, 5),
  ('Radiology Tech', '50000', 3, 6),
  ('Purchasing', '100000', 3, 7),
  ('Manager', '270000', 3, 8),
  ('Bookkeeping', '30000', 3, 9);

  INSERT INTO employee (id, first_name, last_name, role_id, manager_id)
VALUES
  (1, 'James', 'Fraser', 1, NULL),
  (2, 'Jack', 'London', 1, NULL),
  (3, 'Robert', 'Bruce', 3, NULL),
  (4, 'Peter', 'Greenaway', 1,3),
  (5, 'Derek', 'Jarman', 2,3),
  (6, 'Paolo', 'Pasolini', 2,3),
  (7, 'Heathcote', 'Williams', 2,3),
  (8, 'Sandy', 'Powell', 2,3),
  (9, 'Emil', 'Zola', 2, NULL),
  (10, 'Sissy', 'Coalpits', 4,9),
  (11, 'Antoinette', 'Capet', 4,9),
  (12, 'Samuel', 'Delany', 4,9),
  (13, 'Tony', 'Duvert', 4,9),
  (14, 'Dennis', 'Cooper', 4,9),
  (15, 'Monica', 'Bellucci', 4,9),
  (16, 'Samuel', 'Johnson', 4,9),
  (17, 'John', 'Dryden',  5, NULL),
  (18, 'Alexander', 'Pope', 6,17),
  (19, 'Lionel', 'Johnson', 6,17),
  (20,'Aubrey', 'Beardsley', 6,17),
  (21, 'Tulse', 'Luper',  6,17),
  (22, 'William', 'Morris', 7,17),
  (23, 'George', 'Shaw',  8, NULL),
  (24, 'Arnold', 'Bennett', 9,23),
  (25, 'Algernon', 'Blackwood', 9,1),
  (26, 'Rhoda', 'Broughton', 9,23),
  (27, 'Hart', 'Crane', 9,1),
  (28, 'Vitorio', 'DeSica', 9,23),
  (29, 'Wilkie', 'Collins', 9,1),
  (30, 'Elizabeth', 'Gaskell', 9,23),
  (31, 'George', 'Sand', 9,1),
  (32, 'Vernon', 'Lee', 9,23),
  (33, 'Arthur', 'Machen', 9,1),
  (34, 'Frederick', 'Marryat', 9,23),
  (35, 'Harriet', 'Martineau', 9,1),
  (36, 'George', 'Meredith', 4,3),
  (37, 'Margaret', 'Oliphant', 4,3),
  (38, 'Anthony', 'Trollope', 4,3),
  (39, 'Charlotte', 'Yonge',  4,3),
  (40, 'Horace', 'Walpole',  4,3),
  (41, 'Matthew', 'Lewis', 4,3),
  (42, 'William', 'Bedford', 4,3),
  (43, 'Anne', 'Radcliffe', 4,3),
  (44, 'Charles', 'Brown', 4,3),
  (45, 'Eliza', 'Parsons', 4,3),
  (46, 'Susan', 'Hill', 4,3),
  (47, 'Sydney', 'Owenson', 4,3),
  (48, 'Hubert', 'Crackanthorpe', 4,3),
  (49, 'William', 'Carleton',  4,3),
  (50, 'Gerald', 'Griffin', 4,3);